{"epoch": [1, 2, 3, 4, 5, 6, 7, 8, 9, 10, 11, 12, 13, 14, 15, 16, 17, 18, 19, 20, 21, 22, 23, 24, 25, 26, 27, 28, 29, 30, 31, 32, 33, 34, 35, 36, 37, 38, 39, 40, 41, 42, 43, 44, 45, 46, 47, 48, 49, 50, 51, 52, 53, 54, 55, 56, 57, 58, 59, 60, 61, 62, 63, 64, 65, 66, 67, 68, 69, 70, 71, 72, 73, 74, 75, 76, 77, 78, 79, 80, 81, 82, 83, 84, 85, 86, 87, 88, 89, 90, 91, 92, 93, 94, 95, 96, 97, 98, 99, 100, 101, 102, 103, 104, 105, 106, 107, 108, 109, 110, 111, 112, 113, 114, 115, 116, 117, 118, 119, 120, 121, 122, 123, 124, 125, 126, 127, 128, 129, 130, 131, 132, 133, 134, 135, 136, 137, 138, 139, 140, 141, 142, 143, 144, 145, 146, 147, 148, 149, 150], "train_accuracy": [18.47599983215332, 24.892000198364258, 32.75600051879883, 38.3120002746582, 44.11800003051758, 55.534000396728516, 57.104000091552734, 61.07999801635742, 56.01599884033203, 65.60599517822266, 65.00799560546875, 69.947998046875, 71.48400115966797, 70.90799713134766, 73.63800048828125, 74.16999816894531, 76.33000183105469, 77.39199829101562, 76.37200164794922, 75.75999450683594, 78.22999572753906, 75.63600158691406, 80.09400177001953, 79.89599609375, 79.21599578857422, 80.59199523925781, 80.81599426269531, 80.61199951171875, 82.04999542236328, 81.48400115966797, 82.60199737548828, 83.56599426269531, 80.67599487304688, 82.46599578857422, 82.88600158691406, 83.68000030517578, 84.10599517822266, 83.4959945678711, 83.51799774169922, 84.87200164794922, 82.47799682617188, 84.94400024414062, 85.55999755859375, 84.91999816894531, 86.197998046875, 86.33200073242188, 85.18599700927734, 84.81399536132812, 86.55400085449219, 86.5719985961914, 86.44400024414062, 84.07799530029297, 86.53799438476562, 85.81800079345703, 86.80199432373047, 87.76399993896484, 86.91199493408203, 87.94999694824219, 88.447998046875, 88.01399993896484, 87.0719985961914, 87.21399688720703, 87.71399688720703, 88.97200012207031, 87.25999450683594, 88.91799926757812, 87.9939956665039, 87.87199401855469, 88.12999725341797, 88.2979965209961, 88.94200134277344, 88.40399932861328, 89.4739990234375, 89.15399932861328, 88.73999786376953, 89.22000122070312, 89.06599426269531, 89.78399658203125, 87.86399841308594, 89.69999694824219, 89.32999420166016, 88.09199523925781, 89.43000030517578, 89.30400085449219, 89.82599639892578, 89.3759994506836, 90.22200012207031, 89.74199676513672, 89.94400024414062, 90.72000122070312, 90.22999572753906, 90.50599670410156, 90.84199523925781, 90.43199920654297, 90.11000061035156, 90.25799560546875, 90.60399627685547, 89.61799621582031, 90.29999542236328, 91.27999877929688, 90.11199951171875, 90.51599884033203, 90.27799987792969, 90.11000061035156, 90.00999450683594, 90.6719970703125, 91.6520004272461, 90.83999633789062, 91.51399993896484, 91.46399688720703, 90.93399810791016, 91.33599853515625, 90.7719955444336, 91.95399475097656, 91.51799774169922, 91.69999694824219, 91.77999877929688, 92.27799987792969, 91.75999450683594, 91.25399780273438, 91.88399505615234, 91.0979995727539, 91.98600006103516, 91.97799682617188, 92.16999816894531, 91.8499984741211, 91.83599853515625, 91.447998046875, 91.95800018310547, 92.35599517822266, 91.8239974975586, 91.95199584960938, 92.30599975585938, 91.30599975585938, 92.66199493408203, 91.79999542236328, 92.29199981689453, 92.18399810791016, 92.03399658203125, 92.91799926757812, 92.55599975585938, 92.81199645996094, 91.69400024414062, 92.10599517822266, 92.97999572753906, 92.80400085449219, 93.06599426269531, 91.88199615478516, 92.90599822998047, 92.66999816894531], "test_accuracy": [19.35999870300293, 25.28999900817871, 31.44999885559082, 39.93000030517578, 46.46999740600586, 55.1099967956543, 59.959999084472656, 61.66999816894531, 60.19999694824219, 66.01000213623047, 65.1500015258789, 68.3499984741211, 70.79999542236328, 73.0999984741211, 71.30999755859375, 74.72000122070312, 74.54999542236328, 76.3499984741211, 75.87999725341797, 75.0, 78.70999908447266, 75.7699966430664, 80.25, 79.18000030517578, 78.68999481201172, 80.87999725341797, 80.45999908447266, 80.54000091552734, 81.94999694824219, 81.62999725341797, 81.95999908447266, 81.07999420166016, 81.3499984741211, 81.77999877929688, 82.04000091552734, 83.31999969482422, 82.22000122070312, 80.61000061035156, 82.22000122070312, 82.5999984741211, 82.68999481201172, 82.36000061035156, 84.13999938964844, 83.20999908447266, 84.47999572753906, 84.47999572753906, 84.58999633789062, 82.68999481201172, 84.72999572753906, 84.31999969482422, 83.25999450683594, 84.23999786376953, 85.25999450683594, 83.29999542236328, 83.98999786376953, 85.8699951171875, 85.1500015258789, 85.79000091552734, 85.73999786376953, 85.1199951171875, 83.91999816894531, 84.23999786376953, 84.69999694824219, 86.08999633789062, 83.66999816894531, 86.80999755859375, 86.25, 84.57999420166016, 85.66999816894531, 85.29000091552734, 86.0999984741211, 84.91999816894531, 86.55999755859375, 86.7699966430664, 86.29000091552734, 86.0, 86.45999908447266, 86.19999694824219, 84.72999572753906, 86.04999542236328, 85.44999694824219, 85.68999481201172, 86.07999420166016, 85.83999633789062, 86.61000061035156, 86.30999755859375, 87.04000091552734, 86.54999542236328, 86.32999420166016, 86.68000030517578, 86.63999938964844, 87.13999938964844, 87.3499984741211, 87.22000122070312, 87.16999816894531, 86.19999694824219, 86.66999816894531, 86.69999694824219, 87.07999420166016, 87.65999603271484, 86.8499984741211, 86.69999694824219, 87.11000061035156, 87.11000061035156, 87.07999420166016, 87.02999877929688, 86.98999786376953, 86.93000030517578, 88.08999633789062, 87.6199951171875, 87.79999542236328, 87.87999725341797, 86.93000030517578, 87.75999450683594, 87.81999969482422, 87.87999725341797, 87.2699966430664, 87.75, 87.8499984741211, 87.43000030517578, 87.82999420166016, 87.23999786376953, 87.79000091552734, 87.68000030517578, 88.08999633789062, 87.6500015258789, 87.27999877929688, 87.90999603271484, 87.12999725341797, 87.47999572753906, 87.20999908447266, 88.00999450683594, 87.79999542236328, 87.37999725341797, 88.05999755859375, 87.4000015258789, 88.1199951171875, 87.22000122070312, 87.6500015258789, 88.33999633789062, 87.8699951171875, 88.43000030517578, 86.80999755859375, 86.91999816894531, 88.36000061035156, 88.38999938964844, 88.4000015258789, 88.0, 88.07999420166016, 87.69999694824219]}