{"epoch": [1], "train_accuracy": [1.1790000200271606], "test_accuracy": [1.350000023841858]}