{"epoch": [10, 20, 30, 40, 50, 60, 70], "train_accuracy": [47.12199783325195, 57.3120002746582, 62.071998596191406, 86.70299530029297, 89.67699432373047, 92.17599487304688, 95.08200073242188], "test_accuracy": [41.90999984741211, 46.59000015258789, 47.93000030517578, 57.689998626708984, 56.939998626708984, 55.619998931884766, 56.66999816894531]}