{"epoch": [15, 30], "train_accuracy": [55.97999954223633, 65.12799835205078], "test_accuracy": [47.63999938964844, 50.89999771118164]}