{"epoch": [10, 20, 30, 40, 50, 60, 70, 80, 90], "train_accuracy": [60.85499954223633, 85.01699829101562, 91.56099700927734, 94.43099975585938, 95.25199890136719, 96.20600128173828, 97.64599609375, 96.4489974975586, 97.95600128173828], "test_accuracy": [48.05999755859375, 50.59000015258789, 48.63999938964844, 50.0, 50.02000045776367, 49.86000061035156, 50.06999969482422, 50.29999923706055, 51.14999771118164]}