{"epoch": [10], "train_accuracy": [12.428999900817871], "test_accuracy": [12.109999656677246]}