{"epoch": [10, 20, 30, 40, 50, 60, 70, 80, 90], "train_accuracy": [44.76899719238281, 56.96500015258789, 62.70699691772461, 83.45800018310547, 87.0479965209961, 89.23299407958984, 92.23600006103516, 92.77999877929688, 93.25899505615234], "test_accuracy": [39.82999801635742, 46.5, 48.22999954223633, 56.7599983215332, 56.189998626708984, 55.37999725341797, 56.29999923706055, 56.06999969482422, 56.14999771118164]}