{"epoch": [10, 20, 30, 40, 50, 60, 70, 80, 90], "train_accuracy": [34.60799789428711, 43.500999450683594, 50.47999954223633, 68.69999694824219, 72.59099578857422, 75.55699920654297, 80.1469955444336, 80.80099487304688, 81.60900115966797], "test_accuracy": [30.729999542236328, 33.97999954223633, 37.46999740600586, 45.16999816894531, 44.20000076293945, 43.46999740600586, 45.34000015258789, 45.119998931884766, 45.09000015258789]}