{"epoch": [10, 20, 30, 40, 50, 60, 70, 80, 90], "train_accuracy": [12.165999412536621, 22.482999801635742, 32.46699905395508, 40.09600067138672, 46.25299835205078, 49.882999420166016, 55.45399856567383, 58.21099853515625, 60.935997009277344], "test_accuracy": [11.75, 21.029998779296875, 29.17999839782715, 35.14999771118164, 39.7599983215332, 41.7599983215332, 44.02000045776367, 44.52000045776367, 45.279998779296875]}