{"epoch": [1, 2, 3, 4, 5, 6, 7, 8, 9, 10, 11, 12, 13, 14, 15, 16, 17, 18, 19, 20, 21, 22, 23, 24, 25, 26, 27, 28, 29, 30, 31, 32, 33, 34, 35, 36, 37, 38, 39, 40, 41, 42, 43, 44, 45, 46, 47, 48, 49, 50, 51, 51, 51, 52, 53, 54, 55, 56, 57, 58, 59, 60, 61, 62, 63, 64, 65, 66, 67, 68, 69, 70, 71, 72, 73, 74, 75, 76, 77, 78, 79, 80, 81, 82, 83, 84, 85, 86, 87, 88, 89, 90, 91, 92, 93, 94, 95, 96, 97, 98, 99, 100, 101, 102, 103, 104, 105, 106, 107, 108, 109, 110, 111, 112, 113, 114, 115, 116, 117, 118, 119, 120, 121, 122, 123, 124, 125, 126, 127, 128, 129, 130, 131, 132, 133, 134, 135, 136, 137, 138, 139, 140, 141, 142, 143, 144, 145, 146, 147, 148, 149, 150], "train_accuracy": [44.4739990234375, 52.375999450683594, 56.663997650146484, 61.62199783325195, 64.78800201416016, 65.56600189208984, 70.03399658203125, 70.97000122070312, 74.28399658203125, 73.80400085449219, 74.03799438476562, 74.3499984741211, 75.43399810791016, 77.41199493408203, 76.88800048828125, 76.84199523925781, 78.13399505615234, 78.65599822998047, 80.31199645996094, 80.42399597167969, 80.92399597167969, 81.56399536132812, 82.41199493408203, 80.58399963378906, 82.66600036621094, 82.33999633789062, 83.75999450683594, 81.9219970703125, 82.97200012207031, 83.95800018310547, 84.17599487304688, 83.75599670410156, 84.95399475097656, 84.69200134277344, 85.04199981689453, 84.71599578857422, 84.92599487304688, 86.08399963378906, 85.51200103759766, 86.07599639892578, 86.18599700927734, 86.18399810791016, 87.16400146484375, 87.2699966430664, 87.63999938964844, 86.98999786376953, 87.3219985961914, 87.24199676513672, 87.98199462890625, 87.59199523925781, 87.61000061035156, 87.91199493408203, 87.90799713134766, 88.30999755859375, 88.39399719238281, 88.75799560546875, 89.35599517822266, 89.20800018310547, 88.51799774169922, 89.08799743652344, 88.55999755859375, 89.5979995727539, 89.42399597167969, 90.01399993896484, 89.95999908447266, 90.5999984741211, 90.27399444580078, 89.4020004272461, 90.08399963378906, 89.9739990234375, 90.73799896240234, 89.18599700927734, 91.10399627685547, 90.90399932861328, 90.68000030517578, 90.94400024414062, 91.10199737548828, 91.12799835205078, 91.4939956665039, 91.1719970703125, 91.8759994506836, 91.9739990234375, 91.99199676513672, 91.28399658203125, 90.30799865722656, 92.19999694824219, 92.29399871826172, 92.23400115966797, 92.11199951171875, 90.98799896240234, 91.7179946899414, 92.5979995727539, 92.18799591064453, 92.30400085449219, 92.00999450683594, 92.7459945678711, 92.93999481201172, 92.87799835205078, 93.12799835205078, 93.05400085449219, 93.26799774169922, 93.48600006103516, 93.02799987792969, 92.75999450683594, 92.85399627685547, 92.98400115966797, 92.45199584960938, 92.89799499511719, 93.72799682617188, 93.80400085449219, 93.22799682617188, 93.5260009765625, 93.76200103759766, 94.07799530029297, 93.88599395751953, 93.95800018310547, 94.20800018310547, 93.66600036621094, 93.82599639892578, 93.89399719238281, 93.4939956665039, 93.53399658203125, 94.14399719238281, 93.93799591064453, 93.38199615478516, 94.14199829101562, 94.38199615478516, 94.22200012207031, 94.1520004272461, 94.50999450683594, 94.40999603271484, 94.79399871826172, 94.8479995727539, 94.0260009765625, 95.01799774169922, 94.43999481201172, 94.90799713134766, 94.63199615478516, 94.60599517822266, 95.06599426269531, 95.12199401855469, 94.75599670410156, 95.2459945678711, 94.2760009765625, 95.343994140625, 95.14399719238281, 94.88599395751953, 95.3740005493164, 94.86199951171875, 95.08200073242188, 95.7760009765625, 94.99199676513672], "test_accuracy": [46.88999938964844, 53.57999801635742, 58.80999755859375, 65.0, 67.0, 66.83999633789062, 72.13999938964844, 72.70999908447266, 74.81999969482422, 73.83000183105469, 75.33000183105469, 75.05999755859375, 76.93000030517578, 77.37999725341797, 77.72999572753906, 76.6199951171875, 77.72000122070312, 78.12999725341797, 79.7699966430664, 80.04000091552734, 80.16999816894531, 80.37999725341797, 81.22999572753906, 79.54999542236328, 80.47999572753906, 80.8699951171875, 81.37999725341797, 79.9000015258789, 80.72999572753906, 81.30999755859375, 82.06999969482422, 80.68000030517578, 82.4000015258789, 81.97999572753906, 82.0199966430664, 81.65999603271484, 81.69999694824219, 82.54000091552734, 82.47999572753906, 82.3499984741211, 82.54000091552734, 82.19999694824219, 82.79000091552734, 82.97999572753906, 82.95999908447266, 82.75, 83.22000122070312, 82.8699951171875, 82.5, 81.9000015258789, 82.75, 83.50999450683594, 82.77999877929688, 83.22000122070312, 82.40999603271484, 83.30999755859375, 83.12999725341797, 83.70999908447266, 82.15999603271484, 82.65999603271484, 82.6199951171875, 84.15999603271484, 83.68000030517578, 83.83999633789062, 84.02999877929688, 84.29000091552734, 83.04999542236328, 83.0999984741211, 83.44999694824219, 83.50999450683594, 84.16999816894531, 82.3699951171875, 83.50999450683594, 83.87999725341797, 83.68999481201172, 83.40999603271484, 83.5199966430664, 83.81999969482422, 83.88999938964844, 83.4000015258789, 84.44999694824219, 84.47000122070312, 83.8699951171875, 83.75999450683594, 83.07999420166016, 84.69999694824219, 84.05999755859375, 83.68000030517578, 83.58999633789062, 82.87999725341797, 83.86000061035156, 84.08999633789062, 83.65999603271484, 83.5999984741211, 83.54999542236328, 83.79999542236328, 84.29000091552734, 84.0199966430664, 83.86000061035156, 84.2699966430664, 84.41999816894531, 83.7699966430664, 83.82999420166016, 83.25999450683594, 83.7699966430664, 83.31999969482422, 82.97000122070312, 83.68999481201172, 84.50999450683594, 83.77999877929688, 83.72999572753906, 83.73999786376953, 83.80999755859375, 83.54000091552734, 83.48999786376953, 84.22999572753906, 84.1199951171875, 84.06999969482422, 83.04000091552734, 83.9000015258789, 83.93999481201172, 84.05999755859375, 84.31999969482422, 83.43999481201172, 83.25999450683594, 83.95999908447266, 83.86000061035156, 84.00999450683594, 83.88999938964844, 84.00999450683594, 84.33999633789062, 83.54000091552734, 84.2699966430664, 83.79999542236328, 83.86000061035156, 83.63999938964844, 84.50999450683594, 84.1199951171875, 83.36000061035156, 84.15999603271484, 83.87999725341797, 83.6199951171875, 84.22999572753906, 83.54000091552734, 84.3499984741211, 84.0199966430664, 84.23999786376953, 83.61000061035156, 83.30999755859375, 84.19999694824219, 84.3699951171875, 84.38999938964844]}