{"epoch": [1, 2, 3, 4, 5], "train_accuracy": [12.845999717712402, 21.601999282836914, 17.277999877929688, 24.40399932861328, 32.327999114990234], "test_accuracy": [14.139999389648438, 23.09000015258789, 18.779998779296875, 25.959999084472656, 32.279998779296875]}