{"epoch": [1, 2, 1, 2, 3, 4, 5, 6, 7, 8, 9, 10, 11, 12, 13, 14, 15, 16, 17, 18, 19, 20, 21, 22, 23, 24, 25, 26, 27, 28, 29, 30, 31, 32, 33, 34, 35, 36, 37, 38, 39, 40, 41, 42, 43, 44, 45, 46, 47, 48, 49, 50, 51, 52, 53, 54, 55, 56, 57, 58, 59, 60, 61, 62, 63, 64, 65, 66, 67, 68, 69, 70, 71, 72, 73, 74, 75, 76, 77, 78, 79, 80, 81, 82, 83, 84, 85, 86, 87, 88, 89, 90, 91, 92, 93, 94, 95, 96, 97, 98, 99, 100, 101, 102, 103, 104, 105, 106, 107, 108, 109, 110, 111, 112, 113, 114, 115, 116, 117, 118, 119, 120, 121, 122, 123, 124, 125, 126, 127, 128, 129, 130, 131, 132, 133, 134, 135, 136, 137, 138, 139, 140, 141, 142, 143, 144, 145, 146, 147, 148, 149, 150], "train_accuracy": [41.4119987487793, 52.30799865722656, 41.85799789428711, 46.902000427246094, 56.38399887084961, 59.4739990234375, 59.503997802734375, 65.59199523925781, 67.29199981689453, 69.12799835205078, 70.63999938964844, 70.0459976196289, 70.52999877929688, 73.93399810791016, 74.64199829101562, 77.05799865722656, 76.70600128173828, 53.157997131347656, 77.35599517822266, 78.48999786376953, 68.68599700927734, 76.70999908447266, 77.8479995727539, 79.55400085449219, 80.39199829101562, 80.39399719238281, 79.5199966430664, 80.66400146484375, 82.23600006103516, 83.09199523925781, 82.61399841308594, 81.11799621582031, 81.95600128173828, 82.98199462890625, 84.04399871826172, 84.343994140625, 84.3479995727539, 84.02399444580078, 84.79999542236328, 85.28199768066406, 85.06800079345703, 81.03599548339844, 83.99199676513672, 85.06599426269531, 85.72200012207031, 86.36199951171875, 86.60199737548828, 86.39599609375, 86.48799896240234, 87.11599731445312, 87.72999572753906, 86.843994140625, 87.66400146484375, 86.88999938964844, 88.05599975585938, 88.16999816894531, 87.23999786376953, 87.8219985961914, 89.14199829101562, 88.83799743652344, 88.95199584960938, 89.5, 88.77999877929688, 89.0, 85.21599578857422, 88.87799835205078, 89.47999572753906, 90.08799743652344, 89.46199798583984, 90.47999572753906, 90.06199645996094, 90.04399871826172, 90.40399932861328, 90.23999786376953, 90.51599884033203, 91.14999389648438, 89.76399993896484, 90.86399841308594, 90.61399841308594, 90.35799407958984, 90.88599395751953, 91.27799987792969, 91.3219985961914, 91.3499984741211, 91.97599792480469, 92.04000091552734, 91.72200012207031, 90.94999694824219, 91.11799621582031, 92.60799407958984, 91.8699951171875, 92.56399536132812, 91.79399871826172, 92.06199645996094, 92.50799560546875, 92.5979995727539, 92.79399871826172, 91.947998046875, 83.61599731445312, 87.95600128173828, 90.98799896240234, 92.593994140625, 92.54000091552734, 93.14399719238281, 92.82799530029297, 93.44200134277344, 93.00599670410156, 93.4739990234375, 93.43199920654297, 93.22200012207031, 92.98600006103516, 93.00199890136719, 92.92599487304688, 93.28799438476562, 93.86799621582031, 93.2439956665039, 93.697998046875, 93.2239990234375, 92.9020004272461, 94.28599548339844, 93.87999725341797, 93.7979965209961, 93.89799499511719, 94.60799407958984, 94.30199432373047, 93.843994140625, 93.86199951171875, 94.57999420166016, 94.07599639892578, 94.69599914550781, 94.23999786376953, 94.10199737548828, 94.32999420166016, 94.72799682617188, 94.26599884033203, 94.75999450683594, 94.83200073242188, 94.9739990234375, 95.2760009765625, 94.93799591064453, 94.38199615478516, 77.7239990234375, 89.26799774169922, 92.3239974975586, 92.93000030517578, 94.32999420166016, 93.04000091552734, 95.13800048828125, 95.22599792480469, 95.39399719238281, 95.27999877929688, 95.3479995727539], "test_accuracy": [44.25, 53.25, 45.5, 50.19999694824219, 57.06999969482422, 62.22999954223633, 61.54999923706055, 66.94999694824219, 66.6199951171875, 70.58999633789062, 73.0199966430664, 72.6500015258789, 70.29999542236328, 74.5999984741211, 75.56999969482422, 77.79999542236328, 76.04999542236328, 55.939998626708984, 77.77999877929688, 78.70999908447266, 69.54000091552734, 76.93000030517578, 77.1199951171875, 79.97999572753906, 79.43000030517578, 79.8699951171875, 77.9000015258789, 80.58999633789062, 80.93000030517578, 81.37999725341797, 81.20999908447266, 79.40999603271484, 80.20999908447266, 81.66999816894531, 81.63999938964844, 81.80999755859375, 81.80999755859375, 80.8699951171875, 81.83999633789062, 82.47000122070312, 82.11000061035156, 79.95999908447266, 82.12999725341797, 82.27999877929688, 83.0, 82.75999450683594, 83.29999542236328, 82.6500015258789, 82.66999816894531, 83.15999603271484, 83.0, 82.90999603271484, 83.18000030517578, 83.55999755859375, 83.52999877929688, 83.36000061035156, 82.61000061035156, 82.80999755859375, 83.0999984741211, 84.0199966430664, 83.93999481201172, 84.07999420166016, 83.93000030517578, 83.29000091552734, 81.80999755859375, 82.87999725341797, 83.58999633789062, 84.3499984741211, 83.1500015258789, 84.15999603271484, 83.52999877929688, 83.86000061035156, 83.50999450683594, 84.68999481201172, 83.8699951171875, 84.54000091552734, 83.4000015258789, 84.65999603271484, 84.04000091552734, 83.81999969482422, 84.08999633789062, 84.44999694824219, 84.73999786376953, 84.08999633789062, 84.1500015258789, 84.50999450683594, 84.00999450683594, 83.43000030517578, 83.41999816894531, 84.56999969482422, 83.58999633789062, 84.05999755859375, 83.43000030517578, 84.70999908447266, 84.55999755859375, 84.4000015258789, 84.73999786376953, 84.07999420166016, 80.54000091552734, 82.4000015258789, 83.66999816894531, 84.5199966430664, 84.27999877929688, 84.20999908447266, 84.79000091552734, 84.9000015258789, 84.72999572753906, 84.40999603271484, 84.45999908447266, 84.1199951171875, 84.25999450683594, 84.47000122070312, 84.1199951171875, 84.97000122070312, 84.57999420166016, 84.72000122070312, 84.91999816894531, 83.98999786376953, 83.8699951171875, 84.90999603271484, 84.58999633789062, 84.30999755859375, 84.75999450683594, 84.68999481201172, 84.63999938964844, 84.04999542236328, 84.0999984741211, 85.05999755859375, 84.45999908447266, 84.58999633789062, 84.06999969482422, 83.8699951171875, 84.54000091552734, 84.75, 85.25, 84.9000015258789, 84.82999420166016, 85.02999877929688, 85.18000030517578, 84.44999694824219, 84.45999908447266, 75.06999969482422, 83.04000091552734, 84.37999725341797, 84.20999908447266, 84.5199966430664, 83.93999481201172, 84.98999786376953, 85.18999481201172, 85.0, 85.00999450683594, 85.04000091552734]}