{"epoch": [1], "train_accuracy": [0.7839999794960022], "test_accuracy": [0.9299999475479126]}