{"epoch": [10], "train_accuracy": [0.7960000038146973], "test_accuracy": [0.7699999809265137]}