{"epoch": [1, 2, 3, 4, 5, 6, 7, 8, 9, 10, 11, 12, 13, 14, 15, 16, 17, 18, 19, 20, 21, 22, 23, 24, 25, 26, 27, 28, 29, 30, 31, 31, 32, 33, 34, 35, 36, 37, 38, 39, 40, 41, 42, 43, 44, 45, 46, 47, 48, 49, 50, 51, 52, 53, 54, 55, 56, 57, 58, 51, 52, 53, 54, 55, 56, 57, 58, 59, 60, 61, 62, 63, 64, 65, 66, 67, 68, 69, 70, 71, 72, 73, 74, 75, 76, 77, 78, 79, 80, 81, 82, 83, 84, 85, 86, 87, 88, 89, 90, 91, 92, 93, 94, 95, 96, 97, 98, 99, 100, 101, 102, 103, 104, 105, 106, 107, 108, 109, 110, 111, 112, 113, 114, 115, 116, 117, 118, 119, 120, 121, 122, 123, 124, 125, 126, 127, 128, 129, 130, 131, 132, 133, 134, 135, 136, 137, 138, 139, 140, 141, 142, 143, 144, 145, 146, 147, 148, 149, 150], "train_accuracy": [33.25600051879883, 32.04999923706055, 31.97599983215332, 40.124000549316406, 45.27000045776367, 47.4219970703125, 50.72999954223633, 54.13800048828125, 55.35599899291992, 60.55799865722656, 58.93000030517578, 62.13199996948242, 62.067996978759766, 66.60399627685547, 67.12999725341797, 68.20199584960938, 71.70600128173828, 71.1199951171875, 73.72999572753906, 74.06199645996094, 75.1520004272461, 75.84199523925781, 68.97799682617188, 73.28199768066406, 76.90399932861328, 78.70999908447266, 77.70999908447266, 71.53199768066406, 75.9020004272461, 78.4219970703125, 79.40399932861328, 67.2979965209961, 77.00599670410156, 78.5719985961914, 80.04000091552734, 80.7760009765625, 80.96599578857422, 82.50199890136719, 83.37200164794922, 82.08599853515625, 83.24199676513672, 82.98799896240234, 82.98199462890625, 84.00599670410156, 84.15999603271484, 85.15999603271484, 84.65999603271484, 84.77799987792969, 84.93000030517578, 85.59600067138672, 85.69599914550781, 86.447998046875, 85.71599578857422, 86.27799987792969, 87.40399932861328, 87.2699966430664, 87.63399505615234, 88.51200103759766, 87.30599975585938, 85.43599700927734, 85.85399627685547, 86.30599975585938, 87.68599700927734, 87.41999816894531, 88.55799865722656, 88.16999816894531, 87.41400146484375, 88.70199584960938, 89.05799865722656, 44.29199981689453, 53.01799774169922, 64.04399871826172, 73.11199951171875, 78.16199493408203, 78.95199584960938, 73.95399475097656, 82.55799865722656, 85.41799926757812, 86.49800109863281, 87.61399841308594, 87.90599822998047, 88.6719970703125, 89.33999633789062, 89.593994140625, 89.58799743652344, 89.29000091552734, 90.13999938964844, 90.2959976196289, 90.39199829101562, 90.36799621582031, 89.81599426269531, 90.75599670410156, 91.06999969482422, 90.97999572753906, 91.44400024414062, 91.70199584960938, 91.34600067138672, 91.18799591064453, 91.72799682617188, 91.48999786376953, 91.54000091552734, 91.78799438476562, 92.10599517822266, 91.78599548339844, 91.2439956665039, 92.06599426269531, 91.73400115966797, 92.88199615478516, 92.47999572753906, 93.13999938964844, 93.35399627685547, 93.4020004272461, 93.38399505615234, 93.56599426269531, 92.75199890136719, 93.68799591064453, 93.197998046875, 93.95600128173828, 93.6199951171875, 93.24800109863281, 94.46599578857422, 94.09600067138672, 92.55599975585938, 94.02799987792969, 72.80599975585938, 89.843994140625, 92.54000091552734, 93.68399810791016, 94.18000030517578, 94.23799896240234, 94.69999694824219, 94.6199951171875, 95.38999938964844, 95.42399597167969, 94.85799407958984, 95.29199981689453, 95.15999603271484, 94.9679946899414, 95.36399841308594, 94.84199523925781, 95.00199890136719, 95.38199615478516, 94.22799682617188, 94.75799560546875, 95.50199890136719, 95.64599609375, 93.43199920654297, 95.92599487304688, 95.63999938964844, 95.48600006103516, 95.31999969482422, 95.49199676513672, 95.73400115966797, 95.48600006103516, 95.22000122070312, 96.0739974975586, 95.47799682617188, 96.14999389648438, 95.81599426269531], "test_accuracy": [36.36000061035156, 29.559999465942383, 33.119998931884766, 41.38999938964844, 45.959999084472656, 49.11000061035156, 51.81999969482422, 56.209999084472656, 58.2599983215332, 61.34000015258789, 60.54999923706055, 64.22999572753906, 62.1099967956543, 68.36000061035156, 69.33999633789062, 70.93000030517578, 72.18000030517578, 72.93999481201172, 74.75999450683594, 74.94999694824219, 74.7699966430664, 76.79999542236328, 71.68999481201172, 74.93000030517578, 77.47000122070312, 79.06999969482422, 77.58999633789062, 73.75999450683594, 76.58999633789062, 78.1500015258789, 79.18999481201172, 68.08000183105469, 77.27999877929688, 79.23999786376953, 79.61000061035156, 80.43999481201172, 80.02999877929688, 82.00999450683594, 82.1500015258789, 80.68999481201172, 82.04999542236328, 80.47999572753906, 80.54999542236328, 81.80999755859375, 82.47000122070312, 83.04999542236328, 82.77999877929688, 82.5199966430664, 82.22999572753906, 82.93000030517578, 82.45999908447266, 83.2699966430664, 82.63999938964844, 82.18999481201172, 83.79000091552734, 83.41999816894531, 83.44999694824219, 83.5199966430664, 83.1500015258789, 82.50999450683594, 82.80999755859375, 83.30999755859375, 83.73999786376953, 83.15999603271484, 84.52999877929688, 83.5199966430664, 83.3499984741211, 83.6500015258789, 84.22000122070312, 46.56999969482422, 55.6099967956543, 65.43000030517578, 73.47999572753906, 77.2699966430664, 78.20999908447266, 73.58999633789062, 80.04999542236328, 82.5, 83.13999938964844, 83.3499984741211, 83.0199966430664, 83.6199951171875, 84.13999938964844, 84.12999725341797, 83.83999633789062, 82.82999420166016, 84.33999633789062, 83.95999908447266, 83.86000061035156, 84.18999481201172, 84.02999877929688, 83.95999908447266, 84.07999420166016, 84.0, 85.18000030517578, 85.0, 84.57999420166016, 84.54999542236328, 84.87999725341797, 84.5999984741211, 84.43000030517578, 84.72999572753906, 85.07999420166016, 84.93999481201172, 84.25999450683594, 84.83999633789062, 83.8499984741211, 85.05999755859375, 83.91999816894531, 84.25, 84.56999969482422, 85.04000091552734, 85.06999969482422, 84.5999984741211, 84.31999969482422, 84.58999633789062, 83.8699951171875, 85.12999725341797, 84.41999816894531, 84.11000061035156, 84.97999572753906, 84.38999938964844, 82.94999694824219, 84.3699951171875, 71.94999694824219, 83.68999481201172, 84.36000061035156, 84.63999938964844, 84.98999786376953, 84.81999969482422, 85.18999481201172, 84.94999694824219, 84.97999572753906, 85.07999420166016, 84.54999542236328, 84.83999633789062, 85.13999938964844, 84.62999725341797, 85.0999984741211, 84.7699966430664, 84.43999481201172, 84.65999603271484, 84.1199951171875, 84.02999877929688, 85.00999450683594, 84.93000030517578, 82.97000122070312, 84.86000061035156, 84.5199966430664, 85.00999450683594, 84.65999603271484, 84.68999481201172, 83.94999694824219, 84.95999908447266, 84.70999908447266, 84.27999877929688, 84.75999450683594, 85.00999450683594, 84.43000030517578]}